ID,File,Loai file,Nhom,Cau hoi,Dap an chuan,Cau tra loi he thong,Nguon/Citation,Retrieval,Citation,Answer,Diem,Hallucination,Muc do loi,Ghi chu,De xuat fix,Latency ms
NEG-015,ke_hoach_mau_du_lich_da_lat.md,MD,Negative/Hallucination,"Trong file ""ke_hoach_mau_du_lich_da_lat.md"" có thông tin về so dien thoai ca nhan không?",Không tìm thấy thông tin trong tài liệu.,Số điện thoại trong tài liệu: 250000300000.,ke_hoach_mau_du_lich_da_lat.md (Kế hoạch mẫu: Du lịch Đà Lạt 3 ngày 2 đêm > 8. Rủi ro và phương án xử lý) | ke_hoach_mau_du_lich_da_lat.md (Kế hoạch mẫu: Du lịch Đà Lạt 3 ngày 2 đêm) | ke_hoach_mau_du_lich_da_lat.md (Kế hoạch mẫu: Du lịch Đà Lạt 3 ngày 2 đêm > 9. Kết luận),Đúng,Đúng,Sai,0.0,Có,Critical,Có dấu hiệu suy đoán hoặc trả lời ngoài tài liệu.,Siết missing-evidence gate và prompt fallback cho câu hỏi không có thông tin.,464.46
NEG-019,noi_dung_mau_thanh_pho_xanh.pdf,PDF,Negative/Hallucination,"Trong file ""noi_dung_mau_thanh_pho_xanh.pdf"" có thông tin về luong nhan vien không?",Không tìm thấy thông tin trong tài liệu.,"bản, bảng và bố cục cơ bản trong một file PDF. Tài liệu PDF mẫu này có nội dung ngẫu nhiên, dùng để kiểm tra khả năng hiển thị văn.",noi_dung_mau_thanh_pho_xanh.pdf (trang 1),Đúng,Đúng,Sai,0.0,Có,Critical,Có dấu hiệu suy đoán hoặc trả lời ngoài tài liệu.,Siết missing-evidence gate và prompt fallback cho câu hỏi không có thông tin.,993.88
TAB-025,Test xlsx.xlsx,XLSX,Table/Numeric,"Trong file ""Test xlsx.xlsx"", ở sheet ""Sheet4"", dòng 13 có thông tin gì?",学科名: 平均点; 日本語: ?; 数学: ?; 文学: ?; 総計: ?,"Ở sheet 'Sheet4', dòng 13 có: 学科名: 平均点; 日本語:?; 数学:?; 文学:?; 総計:?; column_12: 合格者数; column_18: （10点）.","Test xlsx.xlsx (sheet Sheet4, A1:Z1000) | Test xlsx.xlsx (sheet Sheet2, A1:Z1000)",Đúng,Đúng,Một phần,0.5,Không,Medium,Đạt kỳ vọng theo bộ từ khóa chuẩn.,Tinh chỉnh citation selection và reranking để nguồn trả về sát hơn.,427.47
TAB-026,Test xlsx.xlsx,XLSX,Table/Numeric,"Trong file ""Test xlsx.xlsx"", ở sheet ""Sheet4"", dòng 14 có thông tin gì?",学科名: 最高点; 日本語: ?; 数学: ?; 文学: ?; 総計: ?,"Ở sheet 'Sheet4', dòng 14 có: 学科名: 最高点; 日本語:?; 数学:?; 文学:?; 総計:?; column_12: 合格率; column_18: （5点）.","Test xlsx.xlsx (sheet Sheet4, A1:Z1000) | Test xlsx.xlsx (sheet Sheet2, A1:Z1000)",Đúng,Đúng,Một phần,0.5,Không,Medium,Đạt kỳ vọng theo bộ từ khóa chuẩn.,Tinh chỉnh citation selection và reranking để nguồn trả về sát hơn.,408.81
TAB-035,xlsx_01_bao_cao_doanh_thu.xlsx,XLSX,Table/Numeric,"Trong file ""xlsx_01_bao_cao_doanh_thu.xlsx"", ở sheet ""KPI"", dòng 3 có thông tin gì?",Chỉ số: Đơn hàng đúng hạn; Mục tiêu: 95%; Thực tế: 97%; Đánh giá: Đạt,"Ở sheet 'Doanh thu', dòng 3 có: Tháng: 02/2026; Sản phẩm A: 135; Sản phẩm B: 88; Dịch vụ: 52; Tổng: 275; Ghi chú: Tăng nhờ chương trình combo.","xlsx_01_bao_cao_doanh_thu.xlsx (sheet KPI, A1:D6) | xlsx_01_bao_cao_doanh_thu.xlsx (sheet KPI)",Đúng,Đúng,Một phần,0.5,Không,Medium,Đạt kỳ vọng theo bộ từ khóa chuẩn.,Tinh chỉnh citation selection và reranking để nguồn trả về sát hơn.,515.1
TAB-036,xlsx_01_bao_cao_doanh_thu.xlsx,XLSX,Table/Numeric,"Trong file ""xlsx_01_bao_cao_doanh_thu.xlsx"", ở sheet ""KPI"", dòng 4 có thông tin gì?",Chỉ số: Chi phí quảng cáo; Mục tiêu: 25 triệu; Thực tế: 23 triệu; Đánh giá: Đạt,"Ở sheet 'Doanh thu', dòng 4 có: Tháng: 03/2026; Sản phẩm A: 128; Sản phẩm B: 105; Dịch vụ: 58; Tổng: 291; Ghi chú: Bắt đầu quảng cáo online.","xlsx_01_bao_cao_doanh_thu.xlsx (sheet KPI, A1:D6) | xlsx_01_bao_cao_doanh_thu.xlsx (sheet KPI)",Đúng,Đúng,Một phần,0.5,Không,Medium,Đạt kỳ vọng theo bộ từ khóa chuẩn.,Tinh chỉnh citation selection và reranking để nguồn trả về sát hơn.,491.02
TAB-037,xlsx_01_bao_cao_doanh_thu.xlsx,XLSX,Table/Numeric,"Trong file ""xlsx_01_bao_cao_doanh_thu.xlsx"", ở sheet ""KPI"", dòng 5 có thông tin gì?",Chỉ số: Tỷ lệ khách quay lại; Mục tiêu: 35%; Thực tế: 32%; Đánh giá: Theo dõi thêm,"Ở sheet 'Doanh thu', dòng 5 có: Tháng: 04/2026; Sản phẩm A: 150; Sản phẩm B: 112; Dịch vụ: 64; Tổng: 326; Ghi chú: Khách hàng doanh nghiệp tăng.","xlsx_01_bao_cao_doanh_thu.xlsx (sheet KPI, A1:D6) | xlsx_01_bao_cao_doanh_thu.xlsx (sheet KPI)",Đúng,Đúng,Một phần,0.5,Không,Medium,Đạt kỳ vọng theo bộ từ khóa chuẩn.,Tinh chỉnh citation selection và reranking để nguồn trả về sát hơn.,499.01
TAB-038,xlsx_01_bao_cao_doanh_thu.xlsx,XLSX,Table/Numeric,"Trong file ""xlsx_01_bao_cao_doanh_thu.xlsx"", ở sheet ""KPI"", dòng 6 có thông tin gì?",Chỉ số: Số lỗi vận hành; Mục tiêu: <= 5; Thực tế: 4; Đánh giá: Đạt,"Ở sheet 'Doanh thu', dòng 6 có: Tháng: 05/2026; Sản phẩm A: 162; Sản phẩm B: 120; Dịch vụ: 71; Tổng: 353; Ghi chú: Cần bổ sung nhân sự tư vấn.","xlsx_01_bao_cao_doanh_thu.xlsx (sheet KPI, A1:D6) | xlsx_01_bao_cao_doanh_thu.xlsx (sheet KPI)",Đúng,Đúng,Một phần,0.5,Không,Medium,Đạt kỳ vọng theo bộ từ khóa chuẩn.,Tinh chỉnh citation selection và reranking để nguồn trả về sát hơn.,635.38
TAB-034,xlsx_01_bao_cao_doanh_thu.xlsx,XLSX,Table/Numeric,"Trong file ""xlsx_01_bao_cao_doanh_thu.xlsx"", ở sheet ""KPI"", dòng 2 có thông tin gì?",Chỉ số: Tỷ lệ phản hồi khách hàng; Mục tiêu: 90%; Thực tế: 86%; Đánh giá: Cần cải thiện,"Ở sheet 'Doanh thu', dòng 2 có: Tháng: 01/2026; Sản phẩm A: 120; Sản phẩm B: 90; Dịch vụ: 45; Tổng: 255; Ghi chú: Sau Tết nhu cầu ổn định.","xlsx_01_bao_cao_doanh_thu.xlsx (sheet KPI, A1:D6) | xlsx_01_bao_cao_doanh_thu.xlsx (sheet KPI)",Đúng,Đúng,Một phần,0.5,Không,Medium,Đạt kỳ vọng theo bộ từ khóa chuẩn.,Tinh chỉnh citation selection và reranking để nguồn trả về sát hơn.,442.3
SLD-001,AI Document Question Answering System.pptx,PPTX,Slide/Presentation,"Slide 1 của file ""AI Document Question Answering System.pptx"" nói về nội dung gì?","Slide: 1; Title: Slide 1; [4] textbox/text_box @ x=3043085,y=1287313,w=3922424,h=575310: TRƯỜNG ĐẠI HỌC GIAO THÔNG VẬN TẢI THÀNH PHỐ HỒ CHÍ MINH",Slide 1 nói về: TRƯỜNG ĐẠI HỌC GIAO THÔNG VẬN TẢI THÀNH PHỐ HỒ CHÍ MINH; ĐỀ TÀI: AI Document Question Answering System; Giảng viên hướng dẫn: Nguyễn Văn Huy; Sinh viên thực hiện: Huỳnh Ngọc Quang Vinh.,AI Document Question Answering System.pptx (slide 1),Đúng,Đúng,Một phần,0.5,Không,Medium,Đạt kỳ vọng theo bộ từ khóa chuẩn.,Tinh chỉnh citation selection và reranking để nguồn trả về sát hơn.,1609.23
SLD-002,AI Document Question Answering System.pptx,PPTX,Slide/Presentation,"Slide 2 của file ""AI Document Question Answering System.pptx"" nói về nội dung gì?","Slide: 2; Title: Slide 2; [3] textbox/text_box @ x=3789681,y=300037,w=2326649,h=685800: Nội dung",Slide 2 nói về: Nội dung; Giới thiệu đề tài; Vấn đề thực tế; Giải pháp đề xuất; Kiến trúc tổng thể hệ thống; Chức năng chính.,AI Document Question Answering System.pptx (slide 2),Đúng,Đúng,Một phần,0.5,Không,Medium,Đạt kỳ vọng theo bộ từ khóa chuẩn.,Tinh chỉnh citation selection và reranking để nguồn trả về sát hơn.,440.2
SLD-004,AI Document Question Answering System.pptx,PPTX,Slide/Presentation,"Slide 4 của file ""AI Document Question Answering System.pptx"" nói về nội dung gì?","Slide: 4; Title: Slide 4; [3] bullet/text_box @ x=0,y=312325,w=5982191,h=685800: Vấn đề thực tế","Slide 4 nói về: Vấn đề thực tế; Khó khăn hiện nay; Tài liệu dài, khó tra cứu; Đọc thủ công tốn thời gian; AI thường dễ hallucination; Không hiểu dữ liệu nội bộ.",AI Document Question Answering System.pptx (slide 4),Đúng,Đúng,Một phần,0.5,Không,Medium,Đạt kỳ vọng theo bộ từ khóa chuẩn.,Tinh chỉnh citation selection và reranking để nguồn trả về sát hơn.,440.45
EXT-013,AI Document Question Answering System.pptx,PPTX,Postfix Extra,"Slide 1 của file ""AI Document Question Answering System.pptx"" nói về nội dung gì?","Slide: 1; Title: Slide 1; [4] textbox/text_box @ x=3043085,y=1287313,w=3922424,h=575310: TRƯỜNG ĐẠI HỌC GIAO THÔNG VẬN TẢI THÀNH PHỐ HỒ CHÍ MINH",Slide 1 nói về: TRƯỜNG ĐẠI HỌC GIAO THÔNG VẬN TẢI THÀNH PHỐ HỒ CHÍ MINH; ĐỀ TÀI: AI Document Question Answering System; Giảng viên hướng dẫn: Nguyễn Văn Huy; Sinh viên thực hiện: Huỳnh Ngọc Quang Vinh.,AI Document Question Answering System.pptx (slide 1),Đúng,Đúng,Một phần,0.5,Không,Medium,Đạt kỳ vọng theo bộ từ khóa chuẩn.,Tinh chỉnh citation selection và reranking để nguồn trả về sát hơn.,0.46
EXT-014,AI Document Question Answering System.pptx,PPTX,Postfix Extra,"Slide 2 của file ""AI Document Question Answering System.pptx"" nói về nội dung gì?","Slide: 2; Title: Slide 2; [3] textbox/text_box @ x=3789681,y=300037,w=2326649,h=685800: Nội dung",Slide 2 nói về: Nội dung; Giới thiệu đề tài; Vấn đề thực tế; Giải pháp đề xuất; Kiến trúc tổng thể hệ thống; Chức năng chính.,AI Document Question Answering System.pptx (slide 2),Đúng,Đúng,Một phần,0.5,Không,Medium,Đạt kỳ vọng theo bộ từ khóa chuẩn.,Tinh chỉnh citation selection và reranking để nguồn trả về sát hơn.,0.47
EXT-015,bai_trinh_chieu_mau_thu_vien_thong_minh.pptx,PPTX,Postfix Extra,"Slide 1 của file ""bai_trinh_chieu_mau_thu_vien_thong_minh.pptx"" nói về nội dung gì?","Slide: 1; Title: Slide 1; [1] textbox/auto_shape @ x=685800,y=640080,w=3840480,h=256032: BÀI TRÌNH CHIẾU MẪU","Slide 1 nói về: BÀI TRÌNH CHIẾU MẪU; Thư viện thông minh; cho trường học hiện đại; LIBRARY; Một bộ slide có nội dung dài vừa phải, chủ đề riêng biệt so với PDF, Markdown và hình ảnh. Dùng để kiểm thử khả năng đọc PPTX, tách nội dung theo slide, nhận diện tiêu đề và xử lý đoạn văn; Dữ liệu sách.",bai_trinh_chieu_mau_thu_vien_thong_minh.pptx (slide 1),Đúng,Đúng,Một phần,0.5,Không,Medium,Đạt kỳ vọng theo bộ từ khóa chuẩn.,Tinh chỉnh citation selection và reranking để nguồn trả về sát hơn.,373.62
EXT-017,pptx_01_du_lich_can_tho.pptx,PPTX,Postfix Extra,"Slide 1 của file ""pptx_01_du_lich_can_tho.pptx"" nói về nội dung gì?","Slide: 1; Title: Slide 1; [2] textbox/auto_shape @ x=502920,y=228600,w=7772400,h=411480: Lịch trình Cần Thơ cuối tuần","Slide 1 nói về: Lịch trình Cần Thơ cuối tuần; Gợi ý 2 ngày 1 đêm cho nhóm bạn nhỏ; Mục tiêu chuyến đi; Đi nhẹ, ăn ngon, chụp ảnh đẹp và không dồn lịch quá dày. Kế hoạch ưu tiên trải nghiệm địa phương, di chuyển ngắn và có thời gian nghỉ; 2 ngày; 1 đêm.",pptx_01_du_lich_can_tho.pptx (slide 1),Đúng,Đúng,Một phần,0.5,Không,Medium,Đạt kỳ vọng theo bộ từ khóa chuẩn.,Tinh chỉnh citation selection và reranking để nguồn trả về sát hơn.,343.1
EXT-018,pptx_01_du_lich_can_tho.pptx,PPTX,Postfix Extra,"Slide 2 của file ""pptx_01_du_lich_can_tho.pptx"" nói về nội dung gì?","Slide: 2; Title: Slide 2; [2] textbox/auto_shape @ x=502920,y=228600,w=7772400,h=411480: Ngày 1: Khám phá nhịp sống sông nước","Slide 2 nói về: Ngày 1: Khám phá nhịp sống sông nước; Buổi sáng đi chợ, chiều cà phê, tối ăn ven sông; Buổi sáng; Buổi chiều; Đến bến Ninh Kiều trước 8h; Ăn sáng nhẹ với bún hoặc hủ tiếu.",pptx_01_du_lich_can_tho.pptx (slide 2),Đúng,Đúng,Một phần,0.5,Không,Medium,Đạt kỳ vọng theo bộ từ khóa chuẩn.,Tinh chỉnh citation selection và reranking để nguồn trả về sát hơn.,272.11
EXT-019,pptx_02_trong_cay_truong_hoc.pptx,PPTX,Postfix Extra,"Slide 1 của file ""pptx_02_trong_cay_truong_hoc.pptx"" nói về nội dung gì?","Slide: 1; Title: Slide 1; [2] textbox/auto_shape @ x=502920,y=228600,w=7772400,h=411480: Chiến dịch trồng cây trường học","Slide 1 nói về: Chiến dịch trồng cây trường học; Kế hoạch 4 tuần cho khuôn viên xanh hơn; Ý tưởng chính; Chiến dịch kết hợp giáo dục môi trường, hoạt động nhóm và theo dõi cây sau khi trồng. Mục tiêu không chỉ là trồng nhiều cây mà còn duy trì cây sống tốt; Xanh hơn; mỗi tuần.",pptx_02_trong_cay_truong_hoc.pptx (slide 1),Đúng,Đúng,Một phần,0.5,Không,Medium,Đạt kỳ vọng theo bộ từ khóa chuẩn.,Tinh chỉnh citation selection và reranking để nguồn trả về sát hơn.,312.52
EXT-020,pptx_02_trong_cay_truong_hoc.pptx,PPTX,Postfix Extra,"Slide 2 của file ""pptx_02_trong_cay_truong_hoc.pptx"" nói về nội dung gì?","Slide: 2; Title: Slide 2; [2] textbox/auto_shape @ x=502920,y=228600,w=7772400,h=411480: Tuần 1: Khảo sát và chọn cây",Slide 2 nói về: Tuần 1: Khảo sát và chọn cây; Chọn đúng vị trí giúp cây sống lâu hơn; Khảo sát; Chọn cây; Đo khu vực nắng nhiều; Kiểm tra nguồn nước tưới.,pptx_02_trong_cay_truong_hoc.pptx (slide 2),Đúng,Đúng,Một phần,0.5,Không,Medium,Đạt kỳ vọng theo bộ từ khóa chuẩn.,Tinh chỉnh citation selection và reranking để nguồn trả về sát hơn.,330.43
EXT-021,Test pptx.pptx,PPTX,Postfix Extra,"Slide 1 của file ""Test pptx.pptx"" nói về nội dung gì?","Slide: 1; Title: オフィス業務; [2] textbox/placeholder @ x=4139952,y=3427413,w=3600698,h=2162175: 担当講師",Slide 1 nói về: オフィス業務; 担当講師; 正忠 武.,"Test pptx.pptx (slide 1, オフィス業務)",Đúng,Đúng,Một phần,0.5,Không,Medium,Đạt kỳ vọng theo bộ từ khóa chuẩn.,Tinh chỉnh citation selection và reranking để nguồn trả về sát hơn.,273.9
EXT-022,Test pptx.pptx,PPTX,Postfix Extra,"Slide 2 của file ""Test pptx.pptx"" nói về nội dung gì?","Slide: 2; Title: 主な授業内容; [2] textbox/placeholder @ x=323528,y=1412776,w=8459788,h=5112022: 仕事をする意味",Slide 2 nói về: 主な授業内容; 仕事をする意味; 職場での１日; あいさつのルールと自己紹介の仕方; 仕事の基本 ～ほう・れん・そう～; 電話の受け方・かけ方.,"Test pptx.pptx (slide 2, 主な授業内容)",Đúng,Đúng,Một phần,0.5,Không,Medium,Đạt kỳ vọng theo bộ từ khóa chuẩn.,Tinh chỉnh citation selection và reranking để nguồn trả về sát hơn.,287.63
EXT-038,Test pdf.pdf,PDF,Postfix Extra,"Tóm tắt ngắn nội dung chính của ""Test pdf.pdf"" trong 3 ý.",Page: 1 > File: c4220cd9dc7b4b1292798be9a6c655a0_Test pdf.pdf,"2. - Xe tự lái: Nhận biết biển báo giao thông, vạch kẻ đường, người đi bộ, xe cộ - khác để đưa ra quyết định lái xe an toàn. - Các cảm biến và camera trên xe sẽ - thu thập dữ liệu hình ảnh, sau đó các thuật toán thị giác máy tính sẽ xử lý dữ - liệu này để hiểu và phản ứng với môi trường xung quanh. - 6. - Robot công nghiệp: Nhận biết và lắp ráp các bộ phận, kiểm soát ### Bảng tổng hợp | Chủ đề | Điểm chính | |---|---| | Xe tự lái | Nhận biết biển báo giao thông, vạch kẻ đường, ngườ | | khác để đưa ra quyết định lái xe an toàn | Nội dung chính trong tài liệu | | Các cảm biến và camera trên xe sẽ | Nội dung chính trong tài liệu | | thu thập dữ liệu hình ảnh, sau đó các thuật toán thị giác máy | Nội dung chính trong tài liệu | | liệu này để hiểu và phản ứng với môi trường xung quanh | Nội dung chính trong tài liệu | | Robot công nghiệp | Nhận biết và lắp ráp các bộ phận, kiểm soát | | 2. Xe tự lái | Nhận biết biển báo giao thông, vạch kẻ đường, n | | khác để đưa ra quyết định lái xe an toàn. Các cảm biến và cam | Nội dung chính trong tài liệu | ### Sơ đồ tổng quan ```mermaid flowchart TB classDef terminal fill:#0f766e,stroke:#115e59,color:#ffffff,stroke-width:2.4px classDef branch fil",Test pdf.pdf (trang 4) | Test pdf.pdf (trang 2) | Test pdf.pdf (trang 6) | Test pdf.pdf (trang 3) | Test pdf.pdf (trang 8),Đúng,Đúng,Một phần,0.5,Không,Medium,Có sinh sơ đồ/mermaid khi câu hỏi không yêu cầu rõ.,Tinh chỉnh citation selection và reranking để nguồn trả về sát hơn.,2532.11
EXT-039,Test docx.docx,DOCX,Postfix Extra,"Tóm tắt ngắn nội dung chính của ""Test docx.docx"" trong 3 ý.",BÁO CÁO THỰC TẬP TỐT NGHIỆP,"Nội dung kỹ thuật (xanh nhạt) | noi_dung_dieu, do_dai_ky_tu, chunk_id - Hệ thống hiện vận hành với quy mô 9.408 đoạn văn bản (chunks). - Mỗi đoạn văn bản sau khi trải qua quy trình phân mảnh 4 tầng sẽ được mô hình DEk21 chuyển đổi thành một vector mật (dense vector) có kích thước 768 chiều. - Điểm cốt lõi trong thiết kế của Qdrant là hệ thống Payload Metadata chi tiết đi kèm mỗi vector, bao gồm các trường: chunk_id, ten_van_ban, so_hieu, dieu_so, dieu_ten, chuong_so, chuong_ten, trang_thai, noi_dung_chunk, full_dieu_text và context_text. - Việc lưu trữ đầy đủ các trường thông tin này cho phép hệ thống không chỉ truy xuất nội dung khớp nhất mà còn có khả năng cung cấp toàn văn điều luật và ngữ cảnh xung quanh, phục vụ cho việc trích dẫn nguồn tin một cách minh bạch và chính xác tuyệt đối ngay trong câu trả lời. - Schema chunks: { - ""id"": ""<md5 12 ký tự>"", - ""text"": ""<context_text — chuỗi prefix + nội dung, là input embedding>"", ### Bảng tổng hợp | Chủ đề | Điểm chính | |---|---| | Hệ thống hiện vận hành với quy mô 9.408 đoạn văn bản chunks | Nội dung chính trong tài liệu | | Mỗi đoạn văn bản sau khi trải qua quy trình phân mảnh 4 tầng | Nội dung chính trong tài liệu | | Điểm cốt lõi","Test docx.docx (trang 25, 3.6. Thiết kế cơ sở dữ liệu vector > 3.6.1. Cấu trúc Schema và Quản lý Payload) | Test docx.docx (trang 15, 2.6. Tổng quan luật CNTT Việt Nam) | Test docx.docx (trang 24) | Test docx.docx (trang 34, 4.6. Đóng gói và triển khai hệ thống) | Test docx.docx (trang 15, 2.7. Các hệ thống liên quan và khoảng trống nghiên cứu)",Đúng,Đúng,Một phần,0.5,Không,Medium,Có sinh sơ đồ/mermaid khi câu hỏi không yêu cầu rõ.,Tinh chỉnh citation selection và reranking để nguồn trả về sát hơn.,2830.62
EXT-040,content_summary.md,MD,Postfix Extra,"Tóm tắt ngắn nội dung chính của ""content_summary.md"" trong 3 ý.",Test JPG.jpg (JPG),"Dưới đây là tóm tắt ngắn nội dung chính của ""content_summary.md"" trong 3 ý: - Hệ thống sử dụng kiến trúc Hybrid (GraphRAG) kết hợp giữa sức mạnh tìm kiếm ngữ nghĩa của Qdrant và tư duy mạng lưới của Neo4j để đạt được hiệu suất cao. - Hệ thống áp dụng chiến lược thiết kế câu lệnh kết hợp giữa hai phương pháp tối ưu để đảm bảo mô hình phản hồi đúng và chuyên nghiệp. - Hệ thống sử dụng Graph Traversal để tự động thực hiện bước nhảy từ nút Luật qua quan hệ để truy xuất chính xác các chế tài nằm ở văn bản khác. ### Bảng tổng hợp | Chủ đề | Điểm chính | |---|---| | Hệ thống sử dụng kiến trúc Hybrid GraphRAG kết hợp giữa sức m | Nội dung chính trong tài liệu | | Hệ thống áp dụng chiến lược thiết kế câu lệnh kết hợp giữa ha | Nội dung chính trong tài liệu | | Hệ thống sử dụng Graph Traversal để tự động thực hiện bước nh | Nội dung chính trong tài liệu | | 3.3.1. Độ chính xác và Khả năng kiểm soát ảo giác Accuracy & | Nội dung chính trong tài liệu | | chuong_so | 1, chuong_ten: Quy định chung | | TEXT INDEX entity_name_idx FOR n | Entity ON n.name | | 3.7.4. Tổng hợp và Phản hồi có Căn cứ | Nội dung chính trong tài liệu | | Em xin chân thành cảm ơn | Nội dung chính trong tài liệu | ### Sơ đ",content_summary.md (- CHƯƠNG 1: TỔNG QUAN ĐỀ TÀI) | content_summary.md (- BÁO CÁO THỰC TẬP TỐT NGHIỆP) | content_summary.md (- Chương 1: > Page 8) | content_summary.md (- LỜI CẢM ƠN) | content_summary.md (- LỜI NÓI ĐẦU),Đúng,Đúng,Một phần,0.5,Không,Medium,Có sinh sơ đồ/mermaid khi câu hỏi không yêu cầu rõ.,Tinh chỉnh citation selection và reranking để nguồn trả về sát hơn.,9915.97
