STT,TestID,Group,File,Type,Question,Expected,Actual,Sources,LatencySec,Correctness,Groundedness,Completeness,RetrievalQuality,FormatHandling,HallucinationRisk,Conclusion,ErrorNote
1,A01,A-Direct,AI Document Question Answering System.pptx,PPTX,De tai trong slide dau la gi?,AI Document Question Answering System,De tai trong slide đầu là Luồng hỏi đáp AI/RAG.,AI Document Question Answering System.pptx (slide 1),0.088,1,3,1,5,5,3,Fail,Answer mismatch/fallback sai
2,B01,B-Detail,AI Document Question Answering System.pptx,PPTX,Giang vien huong dan trong PPTX la ai?,Nguyen Van Huy,Giảng viên hướng dẫn trong PPTX là Nguyễn Văn Huy.,AI Document Question Answering System.pptx (slide 1) | AI Document Question Answering System.pptx (slide 4) | AI Document Question Answering System.pptx (slide 12),0.856,5,5,5,5,5,5,Pass,
3,A02,A-Direct,bai_trinh_chieu_mau_thu_vien_thong_minh.pptx,PPTX,Bai trinh chieu mau noi ve chu de gi?,Thu vien thong minh cho truong hoc hien dai,Tôi không tìm thấy đủ thông tin trong tài liệu để trả lời chính xác.,,2.254,0,3,1,5,5,3,Fail,Answer mismatch/fallback sai
4,B02,B-Detail,bai_trinh_chieu_mau_thu_vien_thong_minh.pptx,PPTX,Slide 1 co cac nhan chuc nang nao?,"Du lieu sach, Tim kiem nhanh, Goi y hoc tap",Slide 1 có các chức năng sau: - LIBRARY - Tìm kiếm nhanh - Gợi ý học tập,bai_trinh_chieu_mau_thu_vien_thong_minh.pptx (slide 1),0.687,5,5,5,5,5,5,Pass,
5,A03,A-Direct,bao_cao_an_toan_du_lieu_ca_nhan.docx,DOCX,Tai lieu DOCX nay noi ve van de gi?,An toan du lieu ca nhan trong ung dung so,Tôi không tìm thấy đủ thông tin trong tài liệu để trả lời chính xác.,,10.054,0,3,1,5,5,3,Fail,Answer mismatch/fallback sai
6,B03,B-Detail,bao_cao_an_toan_du_lieu_ca_nhan.docx,DOCX,Cac nguyen nhan thuong gap gay rui ro du lieu la gi?,"Mat khau yeu, thieu ma hoa, truy cap sai quyen, thieu quy trinh xoa/an danh","Nguyên nhân thường gặp gây rò rỉ dữ liệu cá nhân là người dùng đặt mật khẩu yếu, hệ thống thiếu mã hóa, nhân viên nội bộ truy cập dữ liệu không đúng quyền, và doanh nghiệp chưa có quy trình xóa hoặc ẩn danh dữ liệu khi không còn cần thiết.","bao_cao_an_toan_du_lieu_ca_nhan.docx (trang 1, 2. Nguyên nhân chính) | bao_cao_an_toan_du_lieu_ca_nhan.docx (trang 1, 3. Tác động)",0.577,5,5,5,5,5,5,Pass,
7,A04,A-Direct,bao_cao_mau_chuyen_doi_so_giao_duc.pdf,PDF,PDF chuyen doi so giao duc noi ve noi dung gi?,Chuyen doi so trong giao duc,"Câu hỏi của bạn là: ""PDF chuyen doi so giao duc noi ve noi dung gi?"" Câu trả lời trực tiếp và đúng trọng tâm là: Chuyển đổi số trong giáo dục không chỉ là việc đưa máy tính hoặc phần mềm vào lớp học, mà là quá trình thay đổi toàn diện cách nhà trường quản lý dữ liệu, thiết kế bài giảng, đánh giá kết quả học tập và kết nối giữa giáo viên, học sinh, phụ huynh.",bao_cao_mau_chuyen_doi_so_giao_duc.pdf (trang 4) | bao_cao_mau_chuyen_doi_so_giao_duc.pdf (trang 3) | bao_cao_mau_chuyen_doi_so_giao_duc.pdf (trang 1),42.818,5,5,5,5,5,5,Pass,
8,B04,B-Detail,bao_cao_mau_chuyen_doi_so_giao_duc.pdf,PDF,Muc tieu dau tien khi trien khai chuyen doi so giao duc la gi?,Tang hieu qua quan ly,Mục tiêu đầu tiên khi triển khai chuyển đổi số trong giáo dục là tăng hiệu quả quản lý.,bao_cao_mau_chuyen_doi_so_giao_duc.pdf (trang 1) | bao_cao_mau_chuyen_doi_so_giao_duc.pdf (trang 3),32.784,5,5,5,5,5,5,Pass,
9,A05,A-Direct,bao_cao_quan_ly_rac_thai_nhua.pdf,PDF,Bao cao rac thai nhua noi ve van de gi?,Quan ly rac thai nhua tai khu dan cu,"Báo cáo về vấn đề rác thải nhựa ở khu dân cư này chủ yếu nói về thực trạng, nguyên nhân và hậu quả của vấn đề này, cũng như kế hoạch hành động đề xuất để giảm thiểu rác thải nhựa.",bao_cao_quan_ly_rac_thai_nhua.pdf (trang 1),13.775,5,5,5,5,5,5,Pass,
10,B05,B-Detail,bao_cao_quan_ly_rac_thai_nhua.pdf,PDF,Ke hoach hanh dong de xuat gom nhung hoat dong nao?,"Phan loai tai nguon, ngay doi rac lay qua, giam nhua dung mot lan, theo doi so lieu","Để xả ra kế hoạch hành động đề xuất, cần xem xét các hoạt động và kết quả mong đợi được đề xuất trong tài liệu. - Hoạt động: Phân loại tại nguồn, Ngày đổi rác lấy quà, Giảm nhựa dùng một lần, Theo dõi số liệu. - Kết quả mong đợi: Giảm rác lẫn tạp chất, Tăng động lực tham gia, Giảm lượng rác phát sinh, Có cơ sở đánh giá hiệu quả. Vậy kế hoạch hành động đề xuất để xả ra những hoạt động này là: - Đặt thùng riêng cho nhựa, giấy, rác hữu cơ. - Người dân mang chai nhựa để đổi cây xanh hoặc nhu yếu phẩm. - Khuyến khích bình nước cá nhân, giảm lượng rác phát sinh. - Ghi nhận khối lượng rác nhựa thu gom mỗi tháng.",bao_cao_quan_ly_rac_thai_nhua.pdf (trang 1),13.052,5,5,5,5,5,5,Pass,
11,A06,A-Direct,content_summary.md,MD,File content_summary.md mo ta noi dung gi?,Tong hop/ket qua trich xuat noi dung tai lieu test,"3.3.1. - Độ chính xác và Khả năng kiểm soát ảo giác (Accuracy & Grounding) - Trong pha Offline, hệ thống thực hiện xử lý dữ liệu nguồn từ các văn bản pháp luật (DOCX), trích xuất metadata và áp dụng kỹ thuật phân mảnh dữ liệu 4 tầng (4-tier chunking) để xây dựng cấu trúc phân - ""chuong_so"": ""1"", ""chuong_ten"": ""Quy định chung"", - TEXT INDEX entity_name_idx FOR (n:Entity) ON n.name - 3.7.4. - Tổng hợp và Phản hồi có Căn cứ - Để đảm bảo mô hình không chỉ phản hồi đúng mà còn chuyên nghiệp và chặt chẽ, hệ thống áp dụng chiến lược thiết kế câu lệnh kết hợp giữa hai phương pháp tối ưu:.",content_summary.md (- CHƯƠNG 1: TỔNG QUAN ĐỀ TÀI) | content_summary.md (- LỜI NÓI ĐẦU) | content_summary.md (- BÁO CÁO THỰC TẬP TỐT NGHIỆP) | content_summary.md (- TÓM TẮT) | content_summary.md (- LỜI CẢM ƠN),35.75,5,5,5,5,5,5,Pass,
12,B06,B-Detail,content_summary.md,MD,content_summary.md ghi tong so paragraph la bao nhieu?,346,"Chatbot trí tuệ nhân tạo là một bước tiến vượt bậc so với các chương trình trả lời tự động truyền thống, nhờ khả năng hiểu và xử lý ngôn ngữ tự nhiên để tương tác với con người một cách linh hoạt. - Về - Dùng để phân loại các Nút thành các nhóm chung để dễ dàng quản lý và tăng tốc độ truy vấn. - Với Graph Traversal, hệ thống tự động thực hiện bước nhảy từ nút Luật qua quan hệ [:CO_NGHI_DINH_HUONG_DAN] để truy xuất chính xác các chế tài nằm ở văn bản khác. - Trong kiến trúc RAG, Qdrant đóng vai trò là kho lưu trữ vector mật độ cao (Dense Vector), cho phép thực hiện tìm kiếm ngữ nghĩa với tốc độ cực nhanh trên tập dữ liệu lớn. - Việc lựa chọn Qdrant thay vì - Phân tích chức năng cho thấy hệ thống phải vượt qua giới hạn của tìm kiếm truyền thống để đạt tới khả năng Suy luận đa chặng (Multi-hop Reasoning). - Điều này đòi hỏi một cơ chế điều phối dữ liệu chặt c.",content_summary.md (- CHƯƠNG 1: TỔNG QUAN ĐỀ TÀI) | content_summary.md (- LỜI NÓI ĐẦU) | content_summary.md (- LỜI CẢM ƠN) | content_summary.md (- BÁO CÁO THỰC TẬP TỐT NGHIỆP) | content_summary.md (- TÓM TẮT),1.089,1,3,1,5,5,3,Fail,Answer mismatch/fallback sai
13,E01,E-Format,file_excel_mau_song_xanh.xlsx,XLSX,File Excel song xanh co nhung sheet nao?,Du_lieu_chien_dich va Tong_quan,Tôi không tìm thấy đủ thông tin trong tài liệu để trả lời chính xác.,,2.62,0,3,1,5,5,3,Fail,Answer mismatch/fallback sai
14,B07,B-Detail,file_excel_mau_song_xanh.xlsx,XLSX,Ngay 2026-05-01 co hoat dong gi va o khu vuc nao?,Doi rac lay cay tai Ky tuc xa,"Ở Du_lieu_chien_dich, dòng 3, Khu vực: Ký túc xá.","file_excel_mau_song_xanh.xlsx (sheet Du_lieu_chien_dich) | file_excel_mau_song_xanh.xlsx (sheet Du_lieu_chien_dich, A1:L32)",0.431,1,3,1,5,5,3,Fail,Answer mismatch/fallback sai
15,A07,A-Direct,infographic_mau_an_toan_mang.png,PNG,Infographic PNG noi ve chu de gi?,An toan mang cho sinh vien,"Infographic PNG này nói về chủ đề ""An toàn mạng"" cho sinh viên.",infographic_mau_an_toan_mang.png (80895512cbb04522ae16053cf3708dec_infographic_mau_an_toan_mang.png),23.002,5,5,5,5,5,5,Pass,
16,B08,B-Detail,infographic_mau_an_toan_mang.png,PNG,Infographic neu nhung bien phap an toan mang nao?,"Mat khau manh, xac thuc hai lop, canh giac lien ket la, sao luu du lieu","Câu hỏi của bạn là: Infographic neu nhung bien phap an toan mang nao? Dựa trên tài liệu, có 5 biện pháp an toàn mang được đề cập trong infographic: 1. **Mat khau manh** (Mật khẩu mạnh) 2. **Xac thuc hai lop** (Xác thực hai lớp) 3. **Canh giac lien ket la** (Cảnh giác liên kết lạ) 4. **Sao luu dt lieu** (Sao lưu dữ liệu) 5. **Cap nhat thiet bi** (Cập nhật thiết bị) Những biện pháp này được đề xuất để giúp sinh viên đảm bảo an toàn khi sử dụng mạng và tài khoản học tập.",infographic_mau_an_toan_mang.png (80895512cbb04522ae16053cf3708dec_infographic_mau_an_toan_mang.png),2.992,5,5,5,5,5,5,Pass,
17,A08,A-Direct,ke_hoach_mau_du_lich_da_lat.md,MD,Ke hoach Markdown nay noi ve chuyen di nao?,Du lich Da Lat,Ke hoạch Markdown này nói về chuyến đi Đà Lạt.,ke_hoach_mau_du_lich_da_lat.md (Kế hoạch mẫu: Du lịch Đà Lạt 3 ngày 2 đêm) | ke_hoach_mau_du_lich_da_lat.md (Kế hoạch mẫu: Du lịch Đà Lạt 3 ngày 2 đêm > 1. Mục tiêu chuyến đi) | ke_hoach_mau_du_lich_da_lat.md (Kế hoạch mẫu: Du lịch Đà Lạt 3 ngày 2 đêm > 8. Rủi ro và phương án xử lý),34.561,5,5,5,5,5,5,Pass,
18,B09,B-Detail,ke_hoach_mau_du_lich_da_lat.md,MD,Nhom gia dinh gom bao nhieu nguoi va di chuyen bang gi?,"4 nguoi, xe khach tu TP.HCM",Nhóm gia đình gồm 4 người.,ke_hoach_mau_du_lich_da_lat.md (Kế hoạch mẫu: Du lịch Đà Lạt 3 ngày 2 đêm > 1. Mục tiêu chuyến đi) | ke_hoach_mau_du_lich_da_lat.md (Kế hoạch mẫu: Du lịch Đà Lạt 3 ngày 2 đêm > 6. Bảng chi phí dự kiến),22.476,5,5,5,5,5,5,Pass,
19,A09,A-Direct,nhat_ky_mau_vuon_rau_do_thi.txt,TXT,Nhat ky TXT noi ve du an gi?,Vuon rau do thi tren san thuong,"Dự án vườn rau đô thị trên sân thượng được thực hiện để tạo ra một mô hình sống xanh, giảm lãng phí và giúp mọi người hiểu hơn về quá trình tạo ra thức ăn.",nhat_ky_mau_vuon_rau_do_thi.txt (NHẬT KÝ MẪU: DỰ ÁN VƯỜN RAU ĐÔ THỊ TRÊN SÂN THƯỢNG) | nhat_ky_mau_vuon_rau_do_thi.txt | nhat_ky_mau_vuon_rau_do_thi.txt (9. KẾT LUẬN),19.413,5,5,5,5,5,5,Pass,
20,B10,B-Detail,nhat_ky_mau_vuon_rau_do_thi.txt,TXT,Dien tich san thuong ban dau khoang bao nhieu?,Khoang 30 met vuong,Diện tích sân thượng ban đầu khoảng 30 mét vuông.,nhat_ky_mau_vuon_rau_do_thi.txt | nhat_ky_mau_vuon_rau_do_thi.txt (NHẬT KÝ MẪU: DỰ ÁN VƯỜN RAU ĐÔ THỊ TRÊN SÂN THƯỢNG),29.139,5,5,5,5,5,5,Pass,
21,A10,A-Direct,noi_dung_mau_thanh_pho_xanh.pdf,PDF,PDF Thanh pho Xanh 2030 huong den muc tieu gi?,"Giam rac thai nhua, tang khong gian xanh, di chuyen sach","Mục tiêu chính của Dự án Thành phố Xanh 2030 là giảm rác thải nhựa, tăng không gian xanh và xây dựng thói quen di chuyển sạch như đi bộ, xe đạp hoặc phương tiện công cộng.",noi_dung_mau_thanh_pho_xanh.pdf (trang 1),22.972,5,5,5,5,5,5,Pass,
22,B11,B-Detail,noi_dung_mau_thanh_pho_xanh.pdf,PDF,Bang so lieu mau trong PDF Thanh pho Xanh co nhung chi so nao?,"Cay xanh moi 1.250, rac tai che 8,4 tan, nguoi tham gia 3.600, tuyen xe dap 12","bản, bảng và bố cục cơ bản trong một file PDF.",noi_dung_mau_thanh_pho_xanh.pdf (trang 1),1.007,1,3,1,5,5,3,Fail,Answer mismatch/fallback sai
23,A11,A-Direct,pdf_page_index.md,MD,pdf_page_index.md dung de lam gi?,Chi muc/trich xuat theo trang cho PDF thi giac may tinh,Tôi không tìm thấy đủ thông tin trong tài liệu để trả lời chính xác.,,15.402,0,3,1,5,5,3,Fail,Answer mismatch/fallback sai
24,B12,B-Detail,pdf_page_index.md,MD,Trang dau trong pdf_page_index.md nhac toi noi dung gi?,Tong quan ve thi giac may tinh va xu ly anh,Tôi không tìm thấy đủ thông tin trong tài liệu để trả lời chính xác.,,31.17,0,3,1,5,5,3,Fail,Answer mismatch/fallback sai
25,A12,A-Direct,poster_mau_nang_luong_tai_tao.jpg,JPG,Poster JPG noi ve chu de gi?,Nang luong tai tao trong doi song,"Poster JPG này nói về chủ đề: ""Năng lượng tái tạo trong đời sống"".",poster_mau_nang_luong_tai_tao.jpg (120a682f883f430a8be00a7797509ad2_poster_mau_nang_luong_tai_tao.jpg),0.845,5,5,5,5,5,5,Pass,
26,B13,B-Detail,poster_mau_nang_luong_tai_tao.jpg,JPG,Poster neu nhung loai nang luong nao?,"Dien mat troi, dien gio, sinh khoi va tiet kiem nang luong",Tôi không tìm thấy đủ thông tin trong tài liệu để trả lời chính xác.,,13.169,0,3,1,5,5,3,Fail,Answer mismatch/fallback sai
27,A13,A-Direct,RETRIEVAL_TESTING_QUESTION_SET.md,MD,Bo test retrieval nay duoc xay dung de kiem tra gi?,Retrieval theo nguon/noi dung/da ngon ngu/fallback,"Câu hỏi: Bo test retrieval nay duoc xay dung de kiem tra gi? Trả lời: Bo test retrieval nay duoc xay dung de kiem tra retrieval, bao gom cac khong gian kiem tra theo nguon, noi dung, ngon ngu va fallback.",RETRIEVAL_TESTING_QUESTION_SET.md (5. Danh dau ket qua: > 3) Bang Retrieval Testing + Bo cau hoi) | RETRIEVAL_TESTING_QUESTION_SET.md (Muc tieu:) | RETRIEVAL_TESTING_QUESTION_SET.md (5. Danh dau ket qua: > 4) Nhom cau hoi fallback (ngoai pham vi) de test chong hallucination),47.243,5,5,5,5,5,5,Pass,
28,B14,B-Detail,RETRIEVAL_TESTING_QUESTION_SET.md,MD,Bo test nay liet ke nhung file anh nao?,"Test JPG.jpg, Test PNG.png, Test jpeg.jpeg","Bo test nay duoc xay dung truc tiep tu bo file trong thu muc: | RQ-PDFSCAN-02 | Test pdf scan.pdf | Co trich duoc email hoac so dien thoai tu file scan nay khong? | RQ-PPTX-04 | Test pptx.pptx | Slide nao noi ve thoi gian gan bo cong ty? | RQ-PDFSCAN-01 | Test pdf scan.pdf | Tai lieu scan co noi dung text ro rang nao ngoai ""Hinh 1/2/3"" khong? | RQ-PDFSCAN-03 | Test pdf scan.pdf | Trang nao chua noi dung chi tiet nhat?",RETRIEVAL_TESTING_QUESTION_SET.md (5. Danh dau ket qua: > 3) Bang Retrieval Testing + Bo cau hoi) | RETRIEVAL_TESTING_QUESTION_SET.md (5. Danh dau ket qua: > 4) Nhom cau hoi fallback (ngoai pham vi) de test chong hallucination) | RETRIEVAL_TESTING_QUESTION_SET.md (RETRIEVAL TESTING - BO CAU HOI KIEM THU THUC TE > 1) Pham vi bo test),28.767,1,3,1,5,5,3,Fail,Answer mismatch/fallback sai
29,A14,A-Direct,storyboard_mau_suc_khoe_hoc_duong.jpeg,JPEG,Storyboard JPEG noi ve chu de gi?,Suc khoe hoc duong,"Câu hỏi của bạn là ""Storyboard JPEG noi ve chu de gi?"" (Storyboard JPEG nói về chủ đề gì?). Dựa trên tài liệu, storyboard JPEG này nói về chủ đề ""Sức khỏe học đường"" (Surc khoe hoc duong).",storyboard_mau_suc_khoe_hoc_duong.jpeg (77cbe999090941b2946887ceca3a56bc_storyboard_mau_suc_khoe_hoc_duong.jpeg),12.226,5,5,5,5,5,5,Pass,
30,B15,B-Detail,storyboard_mau_suc_khoe_hoc_duong.jpeg,JPEG,Storyboard mo ta bao nhieu canh?,6 canh,Storyboard mô tả 6 cảnh.,storyboard_mau_suc_khoe_hoc_duong.jpeg (77cbe999090941b2946887ceca3a56bc_storyboard_mau_suc_khoe_hoc_duong.jpeg),13.151,5,5,5,5,5,5,Pass,
31,A15,A-Direct,Test docx.docx,DOCX,De tai nghien cuu trong bao cao la gi?,"Nghien cuu, ung dung mo hinh AI, ket hop do thi tri thuc ho tro tra cuu luat CNTT","Dự án không chỉ đạt được các cột mốc về mặt kỹ thuật mà còn chứng minh được tính thực tiễn cao trong việc hỗ trợ tiếp cận pháp luật số. Thay vì chỉ tìm kiếm theo từ khóa đơn thuần, hệ thống định vị các ""điểm neo"" tri thức trên đồ thị, xác định xem câu hỏi đang nhắm tới bộ luật, hành vi hay đối tượng cụ thể nào.Hệ thống đóng vai trò như một chuyên gia pháp lý thực thụ khi vận hành song song hai luồng tư duy: Truy xuất ngữ nghĩa: Sử dụng mô hình DEk21 để tìm kiếm các đoạn văn bản có sự tương đồng cao nhất trong không gian vector của Qdrant. Chưa hỗ trợ Streaming: Người dùng hiện phải chờ mô hình Gemini hoàn thành toàn bộ quá trình suy luận và sinh văn bản trước khi nhận được phản hồi, thay vì nhận được câu trả lời dạng dòng chảy (streaming), dẫn đến cảm giác độ trễ cao trong các câu hỏi dài. Phụ thuộc API Cloud: Việc dựa hoàn toàn vào hạ tầng đám mây tạo ra thách thức về chi phí vận hành v","Test docx.docx (trang 16) | Test docx.docx (trang 40, 6.1. Kết luận)",26.71,1,3,1,5,3,3,Fail,Answer mismatch/fallback sai
32,B16,B-Detail,Test docx.docx,DOCX,Sinh vien thuc hien la ai?,Huynh Ba Thanh,Sinh viên thực hiện là Huỳnh Bá Thành.,"Test docx.docx (trang 1, BÁO CÁO THỰC TẬP TỐT NGHIỆP) | Test docx.docx (trang 4, LỜI CẢM ƠN) | Test docx.docx (trang 3)",11.752,5,5,5,5,5,5,Pass,
33,A16,A-Direct,Test jpeg.jpeg,JPEG,Anh JPEG bao cao noi dung gi?,Bao cao doanh thu thang 05/2026,"Báo cáo này bao gồm thông tin về doanh thu tháng 05/2026 của một công ty. Báo cáo này bao gồm các thông tin sau: - Doanh thu theo tuần (triệu đồng) - Tổng doanh thu - Số lượng đơn hàng - Thông tin về kênh bán hàng (Online, Store, Delivery) Báo cáo này cho thấy doanh thu của công ty đạt mức cao nhất trong tuần 4.",Test jpeg.jpeg (ac02acdd801d4d9780c9ecce5a2a595b_Test jpeg.jpeg),10.347,5,5,5,5,5,5,Pass,
34,B17,B-Detail,Test jpeg.jpeg,JPEG,Tong don hang va tong doanh thu la bao nhieu?,"260 don hang, 78.7M",Tổng đơn hàng và tổng doanh thu là 260 và 78.7 triệu đồng.,Test jpeg.jpeg (ac02acdd801d4d9780c9ecce5a2a595b_Test jpeg.jpeg),10.284,5,5,5,5,5,5,Pass,
35,A17,A-Direct,Test JPG.jpg,JPG,Anh JPG OCR test co email lien he nao?,qa-team@example.com,Email liên hệ trong tài liệu: qa-team@example.com.,Test JPG.jpg (2a1d3fe49bb34684a862090bccca1375_Test JPG.jpg),0.424,5,5,5,5,5,5,Pass,
36,B18,B-Detail,Test JPG.jpg,JPG,Module nao co trang thai Warning?,Vector Index,Module có trạng thái Warning là Vector Index và Warning.,Test JPG.jpg (2a1d3fe49bb34684a862090bccca1375_Test JPG.jpg),11.981,5,5,5,5,5,5,Pass,
37,A18,A-Direct,Test md.md,MD,RAG la viet tat cua cum tu nao?,Retrieval-Augmented Generation,RAG là viết tắt của Retrieval-Augmented Generation.,Test md.md (2. Bối cảnh phát triển AI Document Chat > 2.2. Lợi ích của hệ thống dựa trên RAG) | Test md.md (Phụ lục A. Bộ câu hỏi kiểm thử mẫu) | Test md.md (Phụ lục B. Bảng thuật ngữ),19.265,5,5,5,5,5,5,Pass,
38,B19,B-Detail,Test md.md,MD,Fallback dung khi nao?,Khi khong tim thay context phu hop de han che hallucination,"Nếu tài liệu truy xuất không đủ liên quan, hệ thống nên trả fallback thay vì cố gắng trả lời.",Test md.md (Phụ lục C. Đoạn văn bản dài để kiểm thử chunking) | Test md.md (2. Bối cảnh phát triển AI Document Chat),0.356,1,3,1,5,5,3,Fail,Answer mismatch/fallback sai
39,A19,A-Direct,Test pdf scan.pdf,PDF_SCAN,Trang 1 file scan hien thi nhan gi?,Hinh 1: Tre Viet Nam,"Trang 1 file scan hiển thị nhãn ""Hình 1: TreViet Nam"".",Test pdf scan.pdf (trang 1),0.341,5,5,5,5,5,5,Pass,
40,B20,B-Detail,Test pdf scan.pdf,PDF_SCAN,File scan co bao nhieu trang?,3 trang,Tài liệu có 3 trang.,Test pdf scan.pdf (trang 1),0.311,5,5,5,5,5,5,Pass,
41,A20,A-Direct,Test pdf.pdf,PDF,Chuong 1 cua tai lieu PDF noi ve noi dung gi?,Tong quan ve thi giac may tinh va xu ly anh,Chương 1 nói về Tổng quan về thị giác máy tính và xử lý ảnh.,Test pdf.pdf (trang 18) | Test pdf.pdf (trang 6) | Test pdf.pdf (trang 1),0.559,5,5,5,5,5,5,Pass,
42,B21,B-Detail,Test pdf.pdf,PDF,Bai thuc hanh chuong 1 yeu cau cai thu vien gi?,OpenCV va Pillow,Tôi không tìm thấy đủ thông tin trong tài liệu để trả lời chính xác.,,2.834,0,3,1,5,5,3,Fail,Answer mismatch/fallback sai
43,A21,A-Direct,Test PNG.png,PNG,Quan mo cua khung gio nao?,07:00 - 22:00,"Quan mô của quán cà phê May là Go Vap, TP.HCM.",Test PNG.png (7440a387d2504452bfad877995ce261f_Test PNG.png),1.142,1,3,1,5,5,3,Fail,Answer mismatch/fallback sai
44,B22,B-Detail,Test PNG.png,PNG,Wi-Fi cua quan la gi?,MayCoffee_Free,Wi-Fi của quán là MayCoffee_Free.,Test PNG.png (7440a387d2504452bfad877995ce261f_Test PNG.png),9.524,5,5,5,5,5,5,Pass,
45,A22,A-Direct,Test pptx.pptx,PPTX,Tieu de slide dau la gi?,オフィス業務,"Tiêu đề slide đầu là ""オフィス業務"".","Test pptx.pptx (slide 1, オフィス業務)",55.558,5,5,5,5,5,5,Pass,
46,B23,B-Detail,Test pptx.pptx,PPTX,Bai giang khuyen nghi lam viec toi thieu bao lau o cung cong ty?,3 nam / 最低3年間,Bài giảng khuyến nghị làm việc tối thiểu 3 năm ở cùng công ty: 最低3年間は、同じ会社で働きましょう。.,"Test pptx.pptx (slide 25, 最低３年間は、同じ会社で働きましょう！) | Test pptx.pptx (slide 14, 日本人は、どんな人と一緒に仕事がしたいと考えていますか？) | Test pptx.pptx (slide 24, 多くの会社で働いた経験がある)",0.857,5,5,5,5,5,5,Pass,
47,A23,A-Direct,test txt.txt,TXT,Du lich sinh thai la gi?,"Du lich gan voi thien nhien, van hoa dia phuong va bao ve moi truong","Du lịch sinh thái là hình thức du lịch gắn liền với thiên nhiên, văn hóa địa phương và trách nhiệm bảo vệ môi trường.",test txt.txt (DU LỊCH SINH THÁI Ở VIỆT NAM) | test txt.txt (2. ĐẶC ĐIỂM CỦA DU LỊCH SINH THÁI),24.711,5,5,5,5,5,5,Pass,
48,B24,B-Detail,test txt.txt,TXT,Can Gio co vai tro gi trong he sinh thai?,"Khu du tru sinh quyen, bao ve bo bien, hap thu carbon","Cần Giờ có vai trò quan trọng trong việc bảo vệ bờ biển, hấp thụ carbon và duy trì đa dạng sinh học.",test txt.txt | test txt.txt (9. CÂU HỎI KIỂM THỬ MẪU) | test txt.txt (7. VAI TRÒ CỦA CÔNG NGHỆ),29.038,5,5,5,5,5,5,Pass,
49,E02,E-Format,Test xlsx.xlsx,XLSX,Workbook Test xlsx co bao nhieu sheet va ten gi?,"3 sheet: Sheet4, Sheet2, Sheet1","Tài liệu có 2 sheet: Sheet4, Sheet2.","Test xlsx.xlsx (sheet Sheet4) | Test xlsx.xlsx (sheet Sheet4, A1:Z1000)",0.608,1,3,1,5,5,3,Fail,Answer mismatch/fallback sai
50,B25,B-Detail,Test xlsx.xlsx,XLSX,"O Sheet1, thi sinh No.1 co tong diem va ket qua gi?",34 va 合格,"Ở Sheet1, thí sinh No.1 có 総計: 34; 結果: 合格.","Test xlsx.xlsx (sheet Sheet1, A1:Z1000) | Test xlsx.xlsx (sheet Sheet1)",0.774,5,5,5,5,5,5,Pass,
51,C01,C-Summary,bao_cao_mau_chuyen_doi_so_giao_duc.pdf,PDF,Tom tat file PDF chuyen doi so giao duc trong 5 y ngan.,Tom tat dung ve chuyen doi so giao duc,"Câu hỏi của bạn không rõ ràng và cụ thể, nhưng tôi sẽ cố gắng trả lời dựa trên thông tin trong tài liệu. Để chuyển đổi số trong giáo dục trong 5 năm, tài liệu đề xuất các bước sau: 1. Bắt đầu từ quy trình có tác động lớn nhưng dễ triển khai như điểm danh, học liệu và thông báo. 2. Thiết kế giao diện đơn giản, ưu tiên thao tác quen thuộc với giáo viên và học sinh. 3. Đào tạo theo tình huống thực tế thay vì chỉ giới thiệu tính năng. 4. Đo lường hiệu quả bằng số liệu cụ thể sau từng giai đoạn. 5. Xây dựng chính sách bảo mật, sao lưu và phân quyền ngay từ đầu. Tài liệu cũng đề xuất một mô hình hệ thống gồm bốn lớp chính: * Lớp giao diện người dùng * Lớp dịch vụ nghiệp vụ * Lớp dữ liệu * Lớp bảo mật và tích hợp Mục tiêu của chuyển đổi số trong giáo dục là tiết kiệm thời gian, tăng tính minh bạch và hỗ trợ học sinh hiệu quả hơn. Tôi hy vọng thông tin này hữu ích!",bao_cao_mau_chuyen_doi_so_giao_duc.pdf (trang 3) | bao_cao_mau_chuyen_doi_so_giao_duc.pdf (trang 1) | bao_cao_mau_chuyen_doi_so_giao_duc.pdf (trang 4) | bao_cao_mau_chuyen_doi_so_giao_duc.pdf (trang 2),27.39,5,5,5,5,5,5,Pass,
52,C02,C-Summary,file_excel_mau_song_xanh.xlsx,XLSX,Tom tat file Excel song xanh nay noi ve du lieu gi.,Chien dich song xanh trong truong hoc,Tôi không tìm thấy đủ thông tin trong tài liệu để trả lời chính xác.,,3.18,0,3,1,5,5,3,Fail,Answer mismatch/fallback sai
53,C03,C-Summary,storyboard_mau_suc_khoe_hoc_duong.jpeg,JPEG,Tom tat noi dung anh storyboard suc khoe hoc duong.,6 canh ve suc khoe hoc duong,"Câu chuyện trong storyboard ""Sức khỏe học đường"" được chia thành 6 cảnh. Dưới đây là tóm tắt từng cảnh: - Cảnh 1: Học sinh bắt đầu ngày học - Cảnh 2: Giáo viên nhac ca và giáo dục - Cảnh 3: Giáo viên khuyến khích học sinh chơi, nhóm ban van và thảo luận - Cảnh 4: Học sinh nghỉ ngơi sau mỗi tiết học - Cảnh 5: Học sinh được giáo viên hướng dẫn và nhắc nhở về sức khỏe - Cảnh 6: Học sinh được giáo viên nhắc nhở về tầm quan trọng của dinh dưỡng, vận động, giấc ngủ, tư thế học tập và hòa hợp với tâm lý. Thông điệp chính của storyboard này là khuyến khích học sinh duy trì sức khỏe tốt bằng cách duy trì dinh dưỡng, vận động, giấc ngủ, tư thế học tập và hòa hợp với tâm lý. ### Bảng tổng hợp | Chủ đề | Điểm chính | |---|---| | Cảnh 1 | Học sinh bắt đầu ngày học | | Cảnh 2 | Giáo viên nhac ca và giáo dục | | Cảnh 3 | Giáo viên khuyến khích học sinh chơi, nhóm ban van và | | Cảnh 4 | Học sinh nghỉ n",storyboard_mau_suc_khoe_hoc_duong.jpeg (77cbe999090941b2946887ceca3a56bc_storyboard_mau_suc_khoe_hoc_duong.jpeg),11.694,5,5,5,5,2,5,Pass,
54,D01,D-Cross,noi_dung_mau_thanh_pho_xanh.pdf + bao_cao_quan_ly_rac_thai_nhua.pdf,PDF,So sanh PDF Thanh pho Xanh va PDF quan ly rac thai nhua khac nhau o diem nao?,"Mot file noi ve do thi xanh tong quat, mot file noi ve quan ly rac nhua khu dan cu",Tôi không tìm thấy đủ thông tin trong tài liệu để trả lời chính xác.,,10.503,0,3,1,5,5,3,Fail,Answer mismatch/fallback sai
55,D02,D-Cross,ke_hoach_mau_du_lich_da_lat.md + poster_mau_nang_luong_tai_tao.jpg,MD+JPG,Markdown du lich Da Lat va poster nang luong tai tao co cung chu de khong?,"Khong, mot file la du lich Da Lat, mot file la nang luong tai tao","Để đi du lịch Đà Lạt và tránh nắng, bạn nên mang theo: - Áo khoác ấm. - Áo mưa mỏng hoặc dù. - Giày dễ đi bộ. - Đồ ngủ thoải mái. - Một bộ đồ đẹp để chụp ảnh. Ngoài ra, bạn cũng nên kiểm tra thời tiết trước khi đi và có kế hoạch dự phòng nếu trời mưa.",ke_hoach_mau_du_lich_da_lat.md (Kế hoạch mẫu: Du lịch Đà Lạt 3 ngày 2 đêm > 8. Rủi ro và phương án xử lý) | ke_hoach_mau_du_lich_da_lat.md (Kế hoạch mẫu: Du lịch Đà Lạt 3 ngày 2 đêm > 1. Mục tiêu chuyến đi) | ke_hoach_mau_du_lich_da_lat.md (Kế hoạch mẫu: Du lịch Đà Lạt 3 ngày 2 đêm > 7. Checklist chuẩn bị > Trang phục),19.442,5,1,5,3,5,5,Fail,Nguon/citation khong dung file ky vong
56,D03,D-Cross,infographic_mau_an_toan_mang.png + bao_cao_an_toan_du_lieu_ca_nhan.docx,PNG+DOCX,Anh an toan mang va DOCX an toan du lieu ca nhan giong nhau o diem nao?,Deu lien quan bao ve thong tin/an toan so,"Khi người dùng đăng ký tài khoản, mua sắm, học tập hoặc làm việc trên nền tảng số, nhiều loại dữ liệu như họ tên, số điện thoại, vị trí, lịch sử tìm kiếm và hành vi sử dụng được thu thập. ### Bảng tổng hợp | Chủ đề | Điểm chính | |---|---| | OCR Text | Nội dung chính trong tài liệu | | INFOGRAPHIC MAU | Nội dung chính trong tài liệu | | An toan mang | Nội dung chính trong tài liệu | | g cho sinh vien | Nội dung chính trong tài liệu | | Noi dung minh hoa dai hon, dung de kiem thu nhan dien chu tro | Nội dung chính trong tài liệu | | 1. Mat khau manh | Nội dung chính trong tài liệu | | 2. Xac thuc hai lop | Nội dung chính trong tài liệu | | Khong dung ngay sinh, so dien thoai | Nội dung chính trong tài liệu | ### Sơ đồ tổng quan ```mermaid flowchart TB classDef terminal fill:#0f766e,stroke:#115e59,color:#ffffff,stroke-width:2.4px classDef branch fill:#ecfeff,stroke:#14b8a6,color:#0f172a,st","infographic_mau_an_toan_mang.png (80895512cbb04522ae16053cf3708dec_infographic_mau_an_toan_mang.png) | bao_cao_an_toan_du_lieu_ca_nhan.docx (trang 1, 1. Bối cảnh vấn đề) | bao_cao_an_toan_du_lieu_ca_nhan.docx (trang 1, 5. Kết luận)",19.469,5,5,5,5,2,5,Pass,
57,F01,F-Negative,ke_hoach_mau_du_lich_da_lat.md,MD,Tai lieu du lich Da Lat co noi ve blockchain khong?,Khong tim thay blockchain trong tai lieu,Tôi không tìm thấy đủ thông tin trong tài liệu để trả lời chính xác.,,28.74,5,5,5,5,5,5,Pass,
58,F02,F-Negative,Test pdf scan.pdf,PDF_SCAN,Co trich duoc thong tin lien he tu file scan nay khong?,Khong co email/so dien thoai ro rang,Tôi không tìm thấy đủ thông tin trong tài liệu để trả lời chính xác.,,10.026,5,5,5,5,5,5,Pass,
59,F03,F-Negative,file_excel_mau_song_xanh.xlsx,XLSX,Mat khau admin trong file Excel la gi?,Khong tim thay trong tai lieu,Tôi không tìm thấy đủ thông tin trong tài liệu để trả lời chính xác.,,0.675,5,5,5,5,5,5,Pass,
60,F04,F-Negative,Test pptx.pptx,PPTX,Bai giang nay co email lien he nao?,Khong tim thay email lien he,Tôi không tìm thấy đủ thông tin trong tài liệu để trả lời chính xác.,,0.525,5,5,5,5,5,5,Pass,
61,G01,G-Ambiguous,ALL,MIXED,Noi dung chinh la gi?,He thong nen hoi ro tai lieu hoac tong hop khong bia,"| Noi dung doc hai trong tai lieu co the co gang dieu khien mo hinh, he thong phai xem la noi dung thuong. | RQ-DOCX-01 | Test docx.docx | Ten de tai trong bao cao la gi? | Nghien cuu, ung dung mo hinh AI ket hop do thi tri thuc ho tro tra cuu chinh xac luat CNTT. | RQ-MD-07 | Test md.md | Prompt injection trong tai lieu la gi? | FB-01 | So CCCD cua sinh vien trong Test docx.docx la gi?",RETRIEVAL_TESTING_QUESTION_SET.md (5. Danh dau ket qua: > 3) Bang Retrieval Testing + Bo cau hoi) | infographic_mau_an_toan_mang.png (80895512cbb04522ae16053cf3708dec_infographic_mau_an_toan_mang.png) | RETRIEVAL_TESTING_QUESTION_SET.md (5. Danh dau ket qua: > 4) Nhom cau hoi fallback (ngoai pham vi) de test chong hallucination),35.769,5,5,5,5,5,5,Pass,
62,G02,G-Ambiguous,ALL,MIXED,Tom tat giup toi.,"He thong nen hoi ro pham vi hoac tom tat theo workspace, khong bia",Workspace này đang có nhiều tài liệu. Bạn muốn mình xử lý tài liệu nào? Bạn có thể gọi theo số thứ tự upload hoặc tên file: - Tài liệu 1: AI Document Question Answering System.pptx - Tài liệu 2: bai_trinh_chieu_mau_thu_vien_thong_minh.pptx - Tài liệu 3: bao_cao_an_toan_du_lieu_ca_nhan.docx - Tài liệu 4: bao_cao_mau_chuyen_doi_so_giao_duc.pdf - Tài liệu 5: bao_cao_quan_ly_rac_thai_nhua.pdf - Tài liệu 6: content_summary.md - Tài liệu 7: file_excel_mau_song_xanh.xlsx - Tài liệu 8: infographic_mau_an_toan_mang.png - Tài liệu 9: ke_hoach_mau_du_lich_da_lat.md - Tài liệu 10: nhat_ky_mau_vuon_rau_do_thi.txt - Tài liệu 11: noi_dung_mau_thanh_pho_xanh.pdf - Tài liệu 12: pdf_page_index.md - Tài liệu 13: poster_mau_nang_luong_tai_tao.jpg - Tài liệu 14: RETRIEVAL_TESTING_QUESTION_SET.md - Tài liệu 15: storyboard_mau_suc_khoe_hoc_duong.jpeg - Tài liệu 16: Test docx.docx - Tài liệu 17: Test jpeg.jpeg ,,0.125,5,5,5,5,5,5,Pass,
63,H01,H-Distractor,poster_mau_nang_luong_tai_tao.jpg,JPG,Poster nang luong tai tao co noi ve du lich Da Lat dung khong?,"Khong, poster noi ve nang luong tai tao",Tôi không tìm thấy đủ thông tin trong tài liệu để trả lời chính xác.,,14.241,5,5,5,5,5,5,Pass,
64,H02,H-Distractor,bao_cao_quan_ly_rac_thai_nhua.pdf,PDF,Bao cao rac thai nhua co noi rang tong doanh thu la 78.7M dung khong?,"Khong, 78.7M thuoc anh doanh thu, khong nam trong bao cao rac thai nhua",Tôi không tìm thấy đủ thông tin trong tài liệu để trả lời chính xác.,,13.265,5,5,5,5,5,5,Pass,
65,H03,H-Distractor,Test xlsx.xlsx,XLSX,"Trong Test xlsx, thi sinh No.1 co tong doanh thu 78.7M phai khong?","Khong, No.1 co tong diem 34 va ket qua hop le","Ở Sheet4, thí sinh No.1 có 受験番号: KI2; 氏名: のび太 徳田; 性別: A.","Test xlsx.xlsx (sheet Sheet4, A1:Z1000) | Test xlsx.xlsx (sheet Sheet2, A1:Z1000) | Test xlsx.xlsx (sheet Sheet1, A1:Z1000)",0.934,1,3,1,5,5,3,Fail,Answer mismatch/fallback sai
